City_ID,City,Country,Date,Lat,Lng,Max Temp,Humidity,Cloudiness,Wind Speed
0,Vaini,TO,2021-03-14 22:49:11,-21.2,-175.2,84.2,70,75,5.75
1,Sao Filipe,CV,2021-03-14 22:48:58,14.8961,-24.4956,71.13,71,0,4.54
2,Beringovskiy,RU,2021-03-14 22:46:21,63.05,179.3167,11.89,86,98,9.19
3,Ribeira Grande,PT,2021-03-14 22:49:12,38.5167,-28.7,60.8,100,40,6.91
4,Arraial Do Cabo,BR,2021-03-14 22:49:12,-22.9661,-42.0278,77.81,83,14,15.82
5,Atuona,PF,2021-03-14 22:49:12,-9.8,-139.0333,80.19,68,41,11.52
6,Port Shepstone,ZA,2021-03-14 22:47:29,-30.7414,30.455,74.68,88,67,12.46
7,Doha,QA,2021-03-14 22:49:13,25.2867,51.5333,61.0,72,0,3.44
8,Kapaa,US,2021-03-14 22:45:50,22.0752,-159.319,73.4,78,75,23.02
9,Alexandria,EG,2021-03-14 22:48:30,31.2156,29.9553,59.0,82,40,6.91
10,Jamestown,US,2021-03-14 22:49:14,42.097,-79.2353,30.99,47,1,15.52
11,Tevaitoa,PF,2021-03-14 22:49:14,-16.7833,-151.5,83.1,73,85,11.9
12,Kahului,US,2021-03-14 22:47:58,20.8947,-156.47,75.99,64,20,13.8
13,Hobart,AU,2021-03-14 22:45:04,-42.8794,147.3294,66.99,55,40,8.05
14,Hermanus,ZA,2021-03-14 22:46:30,-34.4187,19.2345,64.99,94,97,8.75
15,Yar-Sale,RU,2021-03-14 22:49:15,66.8333,70.8333,4.5,90,86,4.63
16,Kapuskasing,CA,2021-03-14 22:49:16,49.4169,-82.4331,14.0,41,100,13.8
17,Gizo,SB,2021-03-14 22:49:16,-8.103,156.8419,83.66,70,47,6.96
18,Albany,US,2021-03-14 22:48:30,42.6001,-73.9662,30.0,24,65,4.0
19,Airai,TL,2021-03-14 22:49:17,-8.9266,125.4092,63.14,84,100,1.34
20,Severo-Kurilsk,RU,2021-03-14 22:48:00,50.6789,156.125,33.57,77,0,4.36
21,Singkang,MY,2021-03-14 22:49:17,2.1006,102.7994,78.8,83,20,5.75
22,Nikolskoye,RU,2021-03-14 22:46:10,59.7035,30.7861,37.4,87,90,4.47
23,La Palma,US,2021-03-14 22:49:18,33.8464,-118.0467,64.0,72,40,12.66
24,Ushuaia,AR,2021-03-14 22:49:18,-54.8,-68.3,53.6,50,75,12.66
25,Puerto Ayora,EC,2021-03-14 22:49:20,-0.7393,-90.3518,82.4,74,40,9.22
26,Notre-Dame-Du-Lac,CA,2021-03-14 22:49:20,47.6136,-68.7964,15.8,53,98,10.36
27,Saqqez,IR,2021-03-14 22:49:21,36.2499,46.2735,39.79,72,100,0.78
28,Nantucket,US,2021-03-14 22:48:38,41.2835,-70.0995,33.8,86,75,17.27
29,Esperance,AU,2021-03-14 22:49:22,-33.8667,121.9,51.8,82,36,8.05
30,Nanortalik,GL,2021-03-14 22:49:22,60.1432,-45.2371,30.51,82,100,9.91
31,Rikitea,PF,2021-03-14 22:47:55,-23.1203,-134.9692,80.87,76,18,13.15
32,Kodiak,US,2021-03-14 22:49:23,57.79,-152.4072,35.6,64,90,25.32
33,Punta Arenas,CL,2021-03-14 22:49:23,-53.15,-70.9167,48.2,76,0,12.66
34,The Pas,CA,2021-03-14 22:44:34,53.8251,-101.2541,35.6,60,75,25.32
35,Clyde River,CA,2021-03-14 22:49:24,70.4692,-68.5914,-9.4,84,1,23.02
36,Bluff,NZ,2021-03-14 22:49:24,-46.6,168.3333,58.66,83,100,11.52
37,Hilo,US,2021-03-14 22:46:57,19.7297,-155.09,75.2,83,90,13.8
38,Kapit,MY,2021-03-14 22:49:25,2.0167,112.9333,72.95,99,97,1.05
39,Butaritari,KI,2021-03-14 22:49:25,3.0707,172.7902,81.16,80,18,15.32
40,Soyo,AO,2021-03-14 22:49:26,-6.1349,12.3689,80.53,79,83,7.02
41,Castro,BR,2021-03-14 22:49:26,-24.7911,-50.0119,65.68,83,4,1.52
42,Kaitangata,NZ,2021-03-14 22:49:26,-46.2817,169.8464,63.0,62,100,1.99
43,Salalah,OM,2021-03-14 22:48:45,17.0151,54.0924,73.4,56,0,4.61
44,Hithadhoo,MV,2021-03-14 22:49:27,-0.6,73.0833,84.09,64,97,7.23
45,Galveston,US,2021-03-14 22:49:28,29.3669,-94.9669,71.01,83,90,17.27
46,Upernavik,GL,2021-03-14 22:49:28,72.7868,-56.1549,-3.73,99,100,6.26
47,Torbat-E Jam,IR,2021-03-14 22:49:28,35.244,60.6225,36.7,54,100,1.19
48,Saint-Philippe,RE,2021-03-14 22:49:29,-21.3585,55.7679,78.8,78,0,16.11
49,Alyangula,AU,2021-03-14 22:49:29,-13.8483,136.4192,80.6,94,45,2.98
50,Tasiilaq,GL,2021-03-14 22:49:30,65.6145,-37.6368,24.8,68,90,23.02
51,Fortuna,US,2021-03-14 22:49:02,40.5982,-124.1573,44.01,92,100,4.0
52,Solnechnyy,RU,2021-03-14 22:49:30,50.7214,136.6319,28.42,79,46,8.14
53,Minbu,MM,2021-03-14 22:49:31,20.1833,94.8833,70.48,45,69,1.41
54,Tiksi,RU,2021-03-14 22:47:33,71.6872,128.8694,3.54,86,100,4.83
55,Beloha,MG,2021-03-14 22:46:47,-25.1667,45.05,72.55,79,1,13.15
56,Chuy,UY,2021-03-14 22:46:45,-33.6971,-53.4616,64.53,78,0,6.42
57,Georgetown,MY,2021-03-14 22:45:10,5.4112,100.3354,78.8,83,20,5.75
58,Ames,US,2021-03-14 22:49:32,42.0347,-93.6199,44.6,57,90,14.97
59,Touros,BR,2021-03-14 22:45:10,-5.1989,-35.4608,80.6,74,20,9.22
60,Akyab,MM,2021-03-14 22:46:10,20.15,92.9,70.48,53,3,6.62
61,Avarua,CK,2021-03-14 22:49:33,-21.2078,-159.775,86.0,74,20,12.66
62,Quesnel,CA,2021-03-14 22:45:02,52.9999,-122.5029,51.8,35,90,14.97
63,Margate,GB,2021-03-14 22:49:34,51.3813,1.3862,46.99,77,96,3.0
64,Busselton,AU,2021-03-14 22:49:34,-33.65,115.3333,57.99,73,27,3.0
65,San Quintin,MX,2021-03-14 22:46:16,30.4833,-115.95,58.44,67,2,18.95
66,East London,ZA,2021-03-14 22:49:35,-33.0153,27.9116,73.36,84,80,8.5
67,Kavieng,PG,2021-03-14 22:49:35,-2.5744,150.7967,83.17,67,89,3.2
68,Qaanaaq,GL,2021-03-14 22:47:19,77.484,-69.3632,-5.1,63,100,5.01
69,Provideniya,RU,2021-03-14 22:49:36,64.3833,-173.3,24.13,94,100,9.46
70,Mataura,NZ,2021-03-14 22:49:36,-46.1927,168.8643,57.07,77,100,6.04
71,Rawson,AR,2021-03-14 22:49:36,-43.3002,-65.1023,64.6,63,77,19.17
72,Sibut,CF,2021-03-14 22:49:37,5.718,19.0739,76.93,70,100,3.53
73,Port Alfred,ZA,2021-03-14 22:47:29,-33.5906,26.891,69.01,96,95,7.0
74,Toronto,CA,2021-03-14 22:47:44,43.7001,-79.4163,30.2,40,0,17.78
75,Narbonne,FR,2021-03-14 22:49:38,43.0833,2.8333,48.99,66,7,8.01
76,Mar Del Plata,AR,2021-03-14 22:49:39,-38.0023,-57.5575,70.0,88,0,11.5
77,Longyearbyen,SJ,2021-03-14 22:49:39,78.2186,15.6401,-2.2,65,20,10.36
78,Kontagora,NG,2021-03-14 22:49:40,10.3999,5.4695,83.91,19,89,3.04
79,Khatanga,RU,2021-03-14 22:49:40,71.9667,102.5,-19.95,95,100,10.76
80,Mount Isa,AU,2021-03-14 22:49:41,-20.7333,139.5,71.6,73,90,11.5
81,New Norfolk,AU,2021-03-14 22:49:41,-42.7826,147.0587,66.99,57,92,4.0
82,Torbay,CA,2021-03-14 22:47:59,47.6666,-52.7314,28.99,74,90,4.61
83,Grindavik,IS,2021-03-14 22:49:41,63.8424,-22.4338,37.4,87,75,11.5
84,Sao Caetano De Odivelas,BR,2021-03-14 22:49:42,-0.75,-48.02,76.3,90,58,4.52
85,Victoria,HK,2021-03-14 22:49:42,22.2855,114.1577,69.01,84,93,1.99
86,Lodingen,NO,2021-03-14 22:49:43,68.414,15.9951,35.6,93,90,8.05
87,Tombouctou,ML,2021-03-14 22:49:43,20.0,-3.0,74.05,28,0,8.52
88,Thompson,CA,2021-03-14 22:49:44,55.7435,-97.8558,24.8,36,75,9.22
89,San Cristobal,VE,2021-03-14 22:47:05,7.7669,-72.225,80.6,65,75,4.61
90,Medea,DZ,2021-03-14 22:49:44,36.2642,2.7539,48.2,87,20,2.08
91,Jaipur,IN,2021-03-14 22:49:45,26.9167,75.8167,75.2,35,20,8.05
92,Ponta Do Sol,PT,2021-03-14 22:49:45,32.6667,-17.1,57.0,65,100,3.0
93,Saint George,US,2021-03-14 22:45:10,37.1041,-113.5841,64.0,35,1,16.11
94,Campbell River,CA,2021-03-14 22:45:10,50.0163,-125.2446,39.2,75,75,11.5
95,Mana,GF,2021-03-14 22:49:46,5.6592,-53.7767,76.86,87,100,8.3
96,Cidreira,BR,2021-03-14 22:47:05,-30.1811,-50.2056,73.69,85,22,9.33
97,Lagoa,PT,2021-03-14 22:48:07,39.05,-27.9833,59.74,91,24,14.03
98,Namatanai,PG,2021-03-14 22:49:47,-3.6667,152.4333,84.0,66,67,4.12
99,Galle,LK,2021-03-14 22:49:47,6.0367,80.217,75.51,82,72,7.9
100,Gryazi,RU,2021-03-14 22:48:13,52.4966,39.9359,31.77,88,100,15.28
101,Mahebourg,MU,2021-03-14 22:46:26,-20.4081,57.7,77.0,94,75,10.54
102,Tuktoyaktuk,CA,2021-03-14 22:49:48,69.4541,-133.0374,-16.6,76,20,12.66
103,Hurghada,EG,2021-03-14 22:45:53,27.2574,33.8129,66.2,34,0,8.05
104,Datong,CN,2021-03-14 22:49:49,40.0936,113.2914,29.37,21,58,21.27
105,Yulara,AU,2021-03-14 22:49:49,-25.2406,130.9889,60.8,39,3,9.22
106,Caxias,PT,2021-03-14 22:49:50,38.7031,-9.2767,55.99,87,0,12.66
107,Sakaiminato,JP,2021-03-14 22:49:50,35.55,133.2333,41.0,100,20,5.75
108,Rocha,UY,2021-03-14 22:46:26,-34.4833,-54.3333,61.2,85,0,4.45
109,Zhangye,CN,2021-03-14 22:49:51,38.9342,100.4517,41.7,40,0,3.96
110,Saint-Georges,GD,2021-03-14 22:49:51,12.0564,-61.7485,78.8,78,75,11.5
111,Tandil,AR,2021-03-14 22:49:52,-37.3217,-59.1332,73.0,52,47,3.0
112,Vila,PT,2021-03-14 22:47:19,42.0304,-8.1588,46.0,84,1,5.01
113,Hervey Bay,AU,2021-03-14 22:49:52,-25.2986,152.8535,80.01,82,43,3.0
114,Bethel,US,2021-03-14 22:46:09,41.3712,-73.414,33.01,52,66,1.99
115,Songea,TZ,2021-03-14 22:49:53,-10.6833,35.65,68.0,94,40,2.06
116,Sao Joao Da Barra,BR,2021-03-14 22:46:25,-21.6403,-41.0511,76.71,85,32,12.17
117,Rovaniemi,FI,2021-03-14 22:49:53,66.5,25.7167,24.8,93,90,1.14
118,Itarema,BR,2021-03-14 22:49:54,-2.9248,-39.9167,78.37,81,18,9.28
119,Huangmei,CN,2021-03-14 22:49:54,30.1924,116.025,60.46,93,78,3.91
120,Vila Velha,BR,2021-03-14 22:45:41,-20.3297,-40.2925,80.6,69,75,5.75
121,Cabo San Lucas,MX,2021-03-14 22:45:42,22.8909,-109.9124,75.0,40,20,8.05
122,Port-Gentil,GA,2021-03-14 22:49:55,-0.7193,8.7815,80.38,80,55,0.85
123,North Bend,US,2021-03-14 22:49:55,43.4065,-124.2243,42.8,87,90,13.8
124,Nalut,LY,2021-03-14 22:47:06,30.3333,10.85,58.6,49,10,12.8
125,Northam,GB,2021-03-14 22:46:07,51.0333,-4.2167,48.99,91,85,11.99
126,Kholtoson,RU,2021-03-14 22:49:56,50.2981,103.3097,0.43,73,0,2.39
127,Talagang,PK,2021-03-14 22:49:56,32.9297,72.4158,56.89,64,0,3.89
128,Bredasdorp,ZA,2021-03-14 22:49:57,-34.5322,20.0403,66.2,94,99,8.05
129,Jamame,SO,2021-03-14 22:49:57,0.0722,42.7506,76.32,83,66,9.08
130,Koslan,RU,2021-03-14 22:49:58,63.4564,48.8989,24.35,94,98,7.2
131,Umm Lajj,SA,2021-03-14 22:49:58,25.0213,37.2685,75.2,57,61,4.63
132,Saint-Paul-Les-Dax,FR,2021-03-14 22:49:58,43.7272,-1.0516,46.0,93,56,3.44
133,Goderich,CA,2021-03-14 22:49:59,43.7501,-81.7165,28.4,59,8,17.27
134,Hasaki,JP,2021-03-14 22:49:59,35.7333,140.8333,44.6,61,20,6.91
135,Montepuez,MZ,2021-03-14 22:50:00,-13.1256,38.9997,68.65,98,100,2.28
136,Pointe Michel,DM,2021-03-14 22:50:00,15.25,-61.3833,78.8,78,20,3.44
137,Vanavara,RU,2021-03-14 22:50:00,60.34,102.2797,4.5,93,100,11.01
138,Puerto Narino,CO,2021-03-14 22:50:01,-3.7703,-70.3831,77.5,92,100,0.96
139,Barcelos,PT,2021-03-14 22:48:03,41.5388,-8.6151,52.0,93,0,6.91
140,Barrow,US,2021-03-14 22:45:01,71.2906,-156.7887,-5.8,77,1,14.97
141,Novobiryusinskiy,RU,2021-03-14 22:50:02,56.9578,97.7076,-2.83,97,64,3.58
142,Berlevag,NO,2021-03-14 22:47:18,70.8578,29.0864,26.6,86,90,3.44
143,Dikson,RU,2021-03-14 22:50:02,73.5069,80.5464,-25.73,99,100,11.36
144,Turiacu,BR,2021-03-14 22:50:03,-1.6633,-45.3717,74.97,91,47,3.91
145,Dhidhdhoo,MV,2021-03-14 22:50:03,6.8833,73.1,82.54,71,49,9.89
146,Garowe,SO,2021-03-14 22:50:04,8.4054,48.4845,66.74,91,68,9.84
147,Cayenne,GF,2021-03-14 22:50:04,4.9333,-52.3333,75.99,94,75,2.3
148,Najran,SA,2021-03-14 22:47:45,17.4924,44.1277,66.2,34,0,2.3
149,Suntar,RU,2021-03-14 22:48:25,62.1444,117.6319,-12.32,88,39,8.7
150,Omsukchan,RU,2021-03-14 22:50:05,62.5333,155.8,-0.78,68,92,3.42
151,Jalu,LY,2021-03-14 22:46:29,29.0331,21.5482,57.4,56,0,9.04
152,Santa Rosa,PH,2021-03-14 22:50:06,14.3122,121.1114,78.8,83,40,2.3
153,Mount Gambier,AU,2021-03-14 22:46:34,-37.8333,140.7667,59.0,94,90,6.91
154,Lucapa,AO,2021-03-14 22:50:06,-8.4192,20.7447,65.19,93,94,2.73
155,Saint-Paul,RE,2021-03-14 22:50:06,-21.0096,55.2707,78.8,73,75,13.8
156,Kavaratti,IN,2021-03-14 22:50:07,10.5669,72.642,82.47,68,9,4.34
157,Baracoa,CU,2021-03-14 22:50:07,20.3467,-74.4958,74.35,81,20,9.13
158,Quelimane,MZ,2021-03-14 22:50:08,-17.8786,36.8883,72.79,94,32,2.28
159,Reconquista,AR,2021-03-14 22:50:08,-29.15,-59.65,82.63,41,11,7.74
160,Kibala,TD,2021-03-14 22:50:08,9.1104,18.3463,87.8,42,0,6.91
161,Wazirganj,IN,2021-03-14 22:50:09,28.2167,79.05,65.01,25,0,6.67
162,Novoselytsya,UA,2021-03-14 22:50:09,48.2193,26.2653,43.0,80,99,4.27
163,Vila Franca Do Campo,PT,2021-03-14 22:50:10,37.7167,-25.4333,60.8,100,75,10.36
164,Bud,US,2021-03-14 22:47:45,39.447,-86.1758,53.01,58,100,7.54
165,Sabha,LY,2021-03-14 22:50:11,27.0377,14.4283,62.44,45,0,18.1
166,Yellowknife,CA,2021-03-14 22:50:11,62.456,-114.3525,12.99,73,90,5.75
167,Tlaltenango,MX,2021-03-14 22:46:48,19.1667,-98.3333,78.8,24,20,12.66
168,Shirokiy,RU,2021-03-14 22:50:12,49.758,129.523,33.49,78,75,22.06
169,Lebu,CL,2021-03-14 22:50:12,-37.6167,-73.65,58.75,84,0,4.29
170,Gazanjyk,TM,2021-03-14 22:50:12,39.2446,55.5154,19.56,93,31,9.51
171,Izalco,SV,2021-03-14 22:49:08,13.7447,-89.6731,91.4,31,20,8.05
172,Verkhoyansk,RU,2021-03-14 22:50:13,67.5447,133.385,-5.4,81,100,4.23
173,Lasa,IT,2021-03-14 22:50:13,46.6166,10.7002,44.6,36,0,5.75
174,Meru,KE,2021-03-14 22:50:14,0.0463,37.6559,64.22,71,66,2.57
175,Denpasar,ID,2021-03-14 22:49:58,-8.65,115.2167,75.2,94,20,3.44
176,Dehloran,IR,2021-03-14 22:50:14,32.6941,47.2679,60.55,57,36,0.85
177,Disraeli,CA,2021-03-14 22:50:15,45.9001,-71.3491,16.0,61,100,11.01
178,Todos Santos,MX,2021-03-14 22:46:09,23.45,-110.2167,80.01,39,0,13.0
179,Tabou,CI,2021-03-14 22:47:14,4.423,-7.3528,78.39,87,73,8.72
180,Male,MV,2021-03-14 22:50:16,4.1748,73.5089,78.8,94,75,4.61
181,Klaksvik,FO,2021-03-14 22:50:16,62.2266,-6.589,39.2,93,75,6.91
182,Hami,CN,2021-03-14 22:50:16,42.8,93.45,46.85,44,100,11.92
183,Ixtapa,MX,2021-03-14 22:50:17,20.7,-105.2,75.2,64,20,11.5
184,Nouadhibou,MR,2021-03-14 22:46:11,20.931,-17.0347,66.2,72,0,12.66
185,Dolores,AR,2021-03-14 22:50:17,-36.3132,-57.6792,71.89,52,94,10.0
186,Gazojak,TM,2021-03-14 22:50:18,41.1875,61.4036,20.19,60,91,5.53
187,Marawi,PH,2021-03-14 22:48:48,7.9986,124.2928,73.99,88,10,4.0
188,Chernyshevskiy,RU,2021-03-14 22:46:44,63.0128,112.4714,-18.62,93,8,8.34
189,Kapenguria,KE,2021-03-14 22:50:18,1.2511,35.0895,57.79,62,8,3.62
190,Evensk,RU,2021-03-14 22:50:19,61.95,159.2333,-2.25,78,100,3.09
191,Bubaque,GW,2021-03-14 22:48:30,11.2833,-15.8333,78.37,67,1,14.36
192,Eyl,SO,2021-03-14 22:50:19,7.9803,49.8164,76.23,82,100,14.29
193,Norman Wells,CA,2021-03-14 22:46:59,65.282,-126.8329,-4.0,77,90,12.66
194,Marsh Harbour,BS,2021-03-14 22:48:57,26.5412,-77.0636,72.77,60,0,4.97
195,Urumqi,CN,2021-03-14 22:50:20,43.801,87.6005,30.2,74,75,4.47
196,Chahal,GT,2021-03-14 22:50:21,15.75,-89.5667,82.35,58,0,5.73
197,Paungde,MM,2021-03-14 22:50:21,18.4833,95.5,68.47,41,0,1.81
198,Tiarei,PF,2021-03-14 22:50:22,-17.5333,-149.3333,87.8,66,20,9.22
199,Pevek,RU,2021-03-14 22:46:20,69.7008,170.3133,-5.96,96,100,15.7
200,Chifeng,CN,2021-03-14 22:50:22,42.2683,118.9636,33.6,25,60,24.65
201,Viransehir,TR,2021-03-14 22:50:23,37.2353,39.7631,49.28,64,100,5.7
202,Inuvik,CA,2021-03-14 22:50:23,68.3499,-133.7218,-5.8,59,75,5.75
203,Saskylakh,RU,2021-03-14 22:50:23,71.9167,114.0833,-31.34,92,1,4.47
204,Mildura,AU,2021-03-14 22:46:18,-34.2,142.15,55.99,62,21,8.05
205,Kachug,RU,2021-03-14 22:50:24,53.9606,105.8817,-7.6,96,27,2.59
206,San Luis,AR,2021-03-14 22:46:49,-33.295,-66.3356,70.02,65,45,3.11
207,Sheboygan,US,2021-03-14 22:50:25,43.7333,-87.9334,35.6,60,1,20.71
208,Cape Town,ZA,2021-03-14 22:47:46,-33.9258,18.4232,68.0,77,20,11.5
209,Muroto,JP,2021-03-14 22:50:26,33.2833,134.15,44.6,81,0,2.3
210,Mango,US,2021-03-14 22:50:26,27.9797,-82.3065,78.01,57,75,9.22
211,Manokwari,ID,2021-03-14 22:46:37,-0.8667,134.0833,80.04,72,72,2.59
212,Kailua,US,2021-03-14 22:49:20,21.4022,-157.7394,78.8,57,40,4.61
213,Faanui,PF,2021-03-14 22:50:27,-16.4833,-151.75,83.07,73,99,13.27
214,Sitka,US,2021-03-14 22:50:27,57.0531,-135.33,32.0,43,1,8.05
215,Kajaani,FI,2021-03-14 22:50:27,64.2273,27.7285,32.0,100,75,3.44
216,Los Palacios,CU,2021-03-14 22:50:28,22.5872,-83.2486,77.59,61,0,5.93
217,Lethem,GY,2021-03-14 22:50:28,3.3803,-59.7968,81.95,69,99,8.32
218,Avallon,FR,2021-03-14 22:50:29,47.4833,3.9,39.99,85,100,11.61
219,Kushmurun,KZ,2021-03-14 22:50:29,52.4503,64.6311,-0.83,78,16,6.26
220,Talnakh,RU,2021-03-14 22:50:29,69.4865,88.3972,-26.5,99,96,2.35
221,Ilulissat,GL,2021-03-14 22:46:22,69.2167,-51.1,10.4,61,90,4.61
222,Lahij,YE,2021-03-14 22:50:30,13.1667,44.5833,70.12,84,0,6.69
223,Iqaluit,CA,2021-03-14 22:50:31,63.7506,-68.5145,-16.01,63,40,20.71
224,Kuchaman,IN,2021-03-14 22:46:13,27.15,74.85,68.09,31,51,5.26
225,Jiwani,PK,2021-03-14 22:50:31,25.05,61.7417,72.16,90,9,6.73
226,Ishigaki,JP,2021-03-14 22:50:32,24.3448,124.1572,69.8,68,75,9.22
227,Brae,GB,2021-03-14 22:50:32,60.3964,-1.353,42.8,81,90,18.41
228,Leningradskiy,RU,2021-03-14 22:50:32,69.3833,178.4167,2.35,94,100,14.2
229,Cherskiy,RU,2021-03-14 22:50:33,68.75,161.3,-12.5,92,100,8.41
230,San Carlos De Bariloche,AR,2021-03-14 22:50:24,-41.1456,-71.3082,78.8,24,0,10.36
231,Chokurdakh,RU,2021-03-14 22:50:33,70.6333,147.9167,-18.9,91,0,5.17
232,Kodinsk,RU,2021-03-14 22:46:45,58.6881,99.1844,-3.41,98,62,4.56
233,Port Elizabeth,ZA,2021-03-14 22:50:34,-33.918,25.5701,69.8,94,90,8.05
234,Tuy Hoa,VN,2021-03-14 22:50:34,13.0833,109.3,70.43,93,95,4.05
235,Keetmanshoop,NA,2021-03-14 22:50:35,-26.5833,18.1333,71.6,68,100,5.75
236,Japura,ID,2021-03-14 22:50:35,-0.3167,102.35,72.86,96,55,1.48
237,Wasilla,US,2021-03-14 22:49:42,61.5814,-149.4394,26.01,46,75,6.91
238,Kargasok,RU,2021-03-14 22:50:36,59.0556,80.8572,13.33,95,99,8.08
239,Brumado,BR,2021-03-14 22:50:36,-14.2036,-41.6653,73.96,61,85,3.0
240,At-Bashi,KG,2021-03-14 22:50:37,41.1702,75.8106,21.47,94,100,2.35
241,Venice,US,2021-03-14 22:50:24,27.0998,-82.4543,75.0,73,1,6.91
242,Port Hedland,AU,2021-03-14 22:50:37,-20.3167,118.5667,78.8,65,97,10.36
243,Camacupa,AO,2021-03-14 22:50:38,-12.0167,17.4833,62.6,89,56,3.56
244,Bandarbeyla,SO,2021-03-14 22:50:38,9.4942,50.8122,77.27,79,89,11.56
245,Pundaguitan,PH,2021-03-14 22:50:38,6.3711,126.1689,81.97,77,45,1.7
246,Lomza,PL,2021-03-14 22:50:39,53.1781,22.0593,37.99,80,78,5.99
247,Innisfail,AU,2021-03-14 22:50:39,-17.5333,146.0333,79.54,81,21,4.05
248,Aklavik,CA,2021-03-14 22:50:40,68.2191,-135.0107,-5.8,59,42,5.75
249,Asau,RO,2021-03-14 22:50:40,46.4333,26.4,42.01,55,100,3.13
250,Carballo,ES,2021-03-14 22:50:41,43.213,-8.691,45.0,93,8,3.76
251,Umea,SE,2021-03-14 22:50:41,63.8284,20.2597,32.0,93,90,2.3
252,Seydi,TM,2021-03-14 22:50:41,39.4816,62.9137,29.57,47,100,9.6
253,Tabuan,PH,2021-03-14 22:50:42,9.5156,122.8506,77.7,87,25,2.28
254,Vardo,NO,2021-03-14 22:50:42,70.3705,31.1107,24.8,93,75,8.05
255,Lompoc,US,2021-03-14 22:50:43,34.6391,-120.4579,55.99,58,1,11.5
256,Guerrero Negro,MX,2021-03-14 22:50:43,27.9769,-114.0611,64.35,50,0,18.72
257,Kurchum,KZ,2021-03-14 22:50:43,48.5722,83.6542,9.3,95,100,2.55
258,Peniche,PT,2021-03-14 22:50:44,39.3558,-9.3811,55.0,87,19,4.0
259,Pauini,BR,2021-03-14 22:50:44,-7.7136,-66.9764,75.43,96,80,2.44
260,Erzin,TR,2021-03-14 22:47:18,36.9559,36.2,60.01,74,100,3.4
261,Marienburg,PL,2021-03-14 22:50:45,54.0359,19.0266,35.01,100,57,9.84
262,Genhe,CN,2021-03-14 22:50:45,50.7833,121.5167,20.3,89,100,10.18
263,Avera,US,2021-03-14 22:47:30,33.194,-82.5271,80.6,41,1,3.49
264,Abay,KZ,2021-03-14 22:50:46,49.6311,72.8539,-9.4,77,0,3.15
265,Morehead,US,2021-03-14 22:50:47,37.2711,-87.1764,54.0,30,90,6.91
266,Comodoro Rivadavia,AR,2021-03-14 22:47:45,-45.8667,-67.5,62.6,72,0,23.02
267,Belaya Gora,RU,2021-03-14 22:50:47,68.5333,146.4167,-19.12,96,1,5.77
268,Canton,CN,2021-03-14 22:50:48,23.1167,113.25,72.0,78,75,4.47
269,Kyaikkami,MM,2021-03-14 22:50:48,16.08,97.5675,80.67,76,64,5.86
270,Weligama,LK,2021-03-14 22:50:49,5.9667,80.4167,74.37,85,95,8.14
271,Pishin,PK,2021-03-14 22:50:49,30.5803,66.9961,51.76,34,53,1.59
272,Wewak,PG,2021-03-14 22:50:49,-3.5534,143.6268,80.65,81,90,5.39
273,Praia Da Vitoria,PT,2021-03-14 22:50:50,38.7333,-27.0667,62.6,82,20,8.08
274,Karratha,AU,2021-03-14 22:50:50,-20.7377,116.8463,83.16,66,86,6.6
275,Young,UY,2021-03-14 22:50:51,-32.6833,-57.6333,73.56,36,0,7.92
276,Roseburg,US,2021-03-14 22:50:51,43.2165,-123.3417,44.6,76,90,9.22
277,Maykor,RU,2021-03-14 22:50:52,59.0059,55.88,17.28,93,100,9.53
278,Laakirchen,AT,2021-03-14 22:50:52,47.9819,13.8217,37.0,89,91,5.01
279,Aykhal,RU,2021-03-14 22:50:53,66.0,111.5,-22.9,99,61,15.3
280,Wanning,CN,2021-03-14 22:50:53,18.8003,110.3967,71.13,88,35,5.59
281,Inhambane,MZ,2021-03-14 22:50:54,-23.865,35.3833,74.23,91,2,6.46
282,Isla Mujeres,MX,2021-03-14 22:50:54,21.2311,-86.731,82.4,65,75,16.11
283,Flinders,AU,2021-03-14 22:50:55,-34.5833,150.8552,64.0,64,0,4.0
284,Sulphur Springs,US,2021-03-14 22:50:55,33.1385,-95.6011,61.0,88,90,6.91
285,Shetpe,KZ,2021-03-14 22:50:56,44.1667,52.1167,28.54,44,44,7.78
286,Banfora,BF,2021-03-14 22:50:56,10.6333,-4.7667,81.75,16,81,1.81
287,Brownwood,US,2021-03-14 22:50:57,31.7093,-98.9912,69.8,13,1,18.41
288,Vao,NC,2021-03-14 22:50:57,-22.6667,167.4833,76.82,77,7,16.4
289,Marrakesh,MA,2021-03-14 22:46:04,31.6315,-8.0083,64.4,52,0,1.14
290,Bambous Virieux,MU,2021-03-14 22:50:58,-20.3428,57.7575,77.0,94,75,10.45
291,Chatra,IN,2021-03-14 22:50:58,24.2167,84.8667,64.67,35,0,4.94
292,Noumea,NC,2021-03-14 22:50:58,-22.2763,166.4572,82.99,69,0,12.66
293,Hecun,CN,2021-03-14 22:50:59,36.5333,114.1111,51.53,82,17,4.21
294,Hat Yai,TH,2021-03-14 22:50:59,7.0084,100.4767,73.4,100,20,2.48
295,Awjilah,LY,2021-03-14 22:46:30,29.1081,21.2869,57.38,58,0,8.59
296,Bengkulu,ID,2021-03-14 22:46:46,-3.8004,102.2655,76.98,85,100,4.45
297,Maniitsoq,GL,2021-03-14 22:47:17,65.4167,-52.9,17.47,66,100,10.36
298,Namtsy,RU,2021-03-14 22:51:00,62.7161,129.6658,8.6,85,40,2.24
299,Geraldton,AU,2021-03-14 22:46:50,-28.7667,114.6,75.2,29,1,21.85
300,Anyksciai,LT,2021-03-14 22:51:01,55.5256,25.1026,33.93,96,100,15.68
301,Nicoya,CR,2021-03-14 22:51:01,10.1483,-85.452,91.4,35,0,18.41
302,Shuya,RU,2021-03-14 22:51:02,56.8487,41.3883,35.01,98,100,11.79
303,Verkhnevilyuysk,RU,2021-03-14 22:51:02,63.4453,120.3167,-11.22,93,92,8.99
304,Alice Springs,AU,2021-03-14 22:46:21,-23.7,133.8833,59.0,94,90,8.05
305,Paamiut,GL,2021-03-14 22:51:03,61.994,-49.6678,28.2,78,91,7.52
306,Gladstone,AU,2021-03-14 22:51:03,-23.85,151.25,82.4,61,40,1.14
307,Anamur,TR,2021-03-14 22:51:04,36.0751,32.8369,57.2,82,75,3.44
308,Paramonga,PE,2021-03-14 22:51:04,-10.6667,-77.8333,74.55,75,4,6.26
309,Bose,IT,2021-03-14 22:51:05,45.4612,8.0137,46.0,40,0,1.99
310,Roebourne,AU,2021-03-14 22:51:05,-20.7833,117.1333,83.93,65,96,8.03
311,Kharan,PK,2021-03-14 22:51:05,28.5833,65.4167,62.01,39,80,2.37
312,Codrington,AU,2021-03-14 22:51:06,-38.2667,141.9667,59.27,82,99,9.1
313,Luwingu,ZM,2021-03-14 22:51:06,-10.2621,29.9271,60.24,95,74,2.91
314,Boddam,GB,2021-03-14 22:51:07,57.4667,-1.7833,42.01,70,0,18.41
315,Coihaique,CL,2021-03-14 22:51:07,-45.5752,-72.0662,75.2,38,0,4.18
316,Sorong,ID,2021-03-14 22:50:23,-0.8833,131.25,79.92,81,100,4.7
317,Surt,LY,2021-03-14 22:51:08,31.2089,16.5887,59.07,80,7,9.69
318,Nkayi,CG,2021-03-14 22:51:08,-4.1841,13.2884,74.93,95,100,0.31
319,Katsuura,JP,2021-03-14 22:51:08,35.1333,140.3,51.8,43,40,19.57
320,Ostersund,SE,2021-03-14 22:51:09,63.1792,14.6357,26.6,100,90,4.61
321,Albertville,US,2021-03-14 22:51:09,34.2676,-86.2089,77.0,38,40,6.91
322,Kouvola,FI,2021-03-14 22:51:10,60.8667,26.7,32.0,100,90,6.91
323,Ojinaga,MX,2021-03-14 22:51:10,29.5667,-104.4167,71.6,6,1,13.8
324,Jeremie,HT,2021-03-14 22:51:11,18.65,-74.1167,76.26,79,39,4.32
325,Baykit,RU,2021-03-14 22:47:06,61.67,96.37,7.75,94,100,6.89
326,Rockport,US,2021-03-14 22:47:20,28.0206,-97.0544,64.4,82,90,13.8
327,Zhezkazgan,KZ,2021-03-14 22:51:11,47.8043,67.7144,2.8,81,95,5.82
328,Carinhanha,BR,2021-03-14 22:51:12,-14.3047,-43.765,74.93,69,46,5.03
329,Pangnirtung,CA,2021-03-14 22:51:12,66.1451,-65.7125,-16.83,92,23,1.39
330,Balikpapan,ID,2021-03-14 22:47:17,-1.2675,116.8289,75.2,100,20,3.44
331,Balsas,BR,2021-03-14 22:51:13,-7.5325,-46.0356,75.72,87,96,1.05
332,Chyhyryn,UA,2021-03-14 22:51:13,49.0838,32.6555,37.09,92,100,12.06
333,Novyy Urengoy,RU,2021-03-14 22:51:14,66.0833,76.6333,4.66,95,98,6.29
334,Homa Bay,KE,2021-03-14 22:51:14,-0.5273,34.4571,70.18,64,46,2.08
335,Novopavlovka,RU,2021-03-14 22:51:15,51.2172,109.2091,1.2,88,67,9.4
336,La Ronge,CA,2021-03-14 22:48:41,55.1001,-105.2842,50.0,40,31,13.8
337,Pomuch,MX,2021-03-14 22:51:16,20.1333,-90.1833,89.6,43,1,9.22
338,Quatre Cocos,MU,2021-03-14 22:51:16,-20.2078,57.7625,77.0,94,75,10.22
339,Luena,AO,2021-03-14 22:51:16,-11.7833,19.9167,62.83,95,90,2.44
340,Milyutinskaya,RU,2021-03-14 22:51:17,48.6279,41.6679,30.4,83,94,13.22
341,Andenes,NO,2021-03-14 22:51:17,69.3143,16.1194,34.0,86,90,5.75
342,Lagdo,CM,2021-03-14 22:51:18,9.05,13.7333,86.23,40,97,6.08
343,Necochea,AR,2021-03-14 22:47:04,-38.5473,-58.7368,64.0,82,0,5.3
344,Salgueiro,BR,2021-03-14 22:51:18,-8.0742,-39.1192,78.13,56,100,6.44
345,Rindal,NO,2021-03-14 22:51:19,63.0565,9.2124,26.24,73,40,2.55
346,Akcakoca,TR,2021-03-14 22:51:19,41.0866,31.1162,50.09,70,8,3.02
347,Poum,NC,2021-03-14 22:51:20,-20.2333,164.0167,79.43,73,84,5.91
348,Masuguru,TZ,2021-03-14 22:51:20,-11.3667,38.4167,71.6,97,100,2.77
349,Hamilton,US,2021-03-14 22:51:20,39.1834,-84.5333,55.0,37,90,7.83
350,Miguel Hidalgo,MX,2021-03-14 22:50:01,19.4225,-99.2028,80.6,17,75,6.91
351,Belmonte,BR,2021-03-14 22:51:21,-15.8631,-38.8828,78.8,69,20,8.05
352,Corinto,GR,2021-03-14 22:46:37,37.9407,22.9573,50.0,60,28,1.99
353,Merauke,ID,2021-03-14 22:51:22,-8.4667,140.3333,79.09,84,57,6.06
354,Isangel,VU,2021-03-14 22:51:22,-19.55,169.2667,82.4,83,75,5.64
355,Shingu,JP,2021-03-14 22:51:22,33.7333,135.9833,49.15,61,0,4.81
356,Mosquera,CO,2021-03-14 22:51:23,4.7059,-74.2302,55.4,100,40,3.44
357,Saint-Augustin,CA,2021-03-14 22:51:23,51.226,-58.6502,12.27,84,100,13.58
358,Muros,ES,2021-03-14 22:51:24,42.7762,-9.0603,48.0,89,8,1.01
359,Moose Factory,CA,2021-03-14 22:51:24,51.2585,-80.6094,6.8,51,1,14.97
360,Carthage,TN,2021-03-14 22:51:24,36.8611,10.3316,55.4,76,75,5.75
361,Te Anau,NZ,2021-03-14 22:48:29,-45.4167,167.7167,54.97,95,100,6.76
362,Manitouwadge,CA,2021-03-14 22:51:25,49.1215,-85.8403,28.4,24,82,3.44
363,Novokayakent,RU,2021-03-14 22:51:25,42.3937,47.9861,35.6,93,40,4.47
364,Payo,ID,2021-03-14 22:51:26,-3.7508,103.6372,72.07,97,82,0.65
365,Pisco,PE,2021-03-14 22:51:26,-13.7,-76.2167,84.2,54,0,16.11
366,Igrim,RU,2021-03-14 22:51:27,63.1906,64.4162,13.46,88,25,8.88
367,Shimoda,JP,2021-03-14 22:51:27,34.6667,138.95,52.0,53,22,6.69
368,Kamenka,RU,2021-03-14 22:51:28,51.3223,42.7678,28.0,87,79,1.99
369,Platteville,US,2021-03-14 22:51:28,42.7342,-90.4785,45.0,45,1,18.41
370,Homestead,US,2021-03-14 22:51:28,25.4687,-80.4776,77.0,65,1,6.91
371,Port-Cartier,CA,2021-03-14 22:51:29,50.0334,-66.8654,14.0,29,75,13.8
372,Landskrona,SE,2021-03-14 22:51:29,55.8708,12.8302,39.99,92,92,1.99
373,Palu,ID,2021-03-14 22:48:28,-0.8917,119.8707,77.41,86,49,2.71
374,College,US,2021-03-14 22:49:58,64.8569,-147.8028,18.0,48,20,3.44
375,Dunedin,NZ,2021-03-14 22:51:30,-45.8742,170.5036,68.0,60,100,1.01
376,Batagay-Alyta,RU,2021-03-14 22:51:30,67.8006,130.4114,-4.79,74,100,3.2
377,Imbituba,BR,2021-03-14 22:51:31,-28.24,-48.6703,73.4,88,75,5.75
378,Pucallpa,PE,2021-03-14 22:51:31,-8.3791,-74.5539,79.45,74,40,2.68
379,Anchorage,US,2021-03-14 22:46:58,61.2181,-149.9003,21.99,57,90,5.75
380,Borogontsy,RU,2021-03-14 22:51:32,62.6683,131.1683,12.52,95,100,3.06
381,Scarborough,GB,2021-03-14 22:51:32,54.2797,-0.4044,41.0,84,21,3.0
382,Smidovich,RU,2021-03-14 22:51:32,48.6,133.8167,22.66,86,2,6.55
383,Riyadh,SA,2021-03-14 22:50:50,24.6877,46.7219,68.0,21,40,6.91
384,Cortez,US,2021-03-14 22:51:33,37.3489,-108.5859,35.6,87,90,12.66
385,Raymond,US,2021-03-14 22:51:33,43.9015,-70.4703,24.01,53,94,5.01
386,Butte,US,2021-03-14 22:51:34,39.6499,-121.5677,55.99,54,20,13.8
387,Grand Gaube,MU,2021-03-14 22:51:34,-20.0064,57.6608,75.0,92,99,13.67
388,Matai,TZ,2021-03-14 22:51:35,-8.3,31.5167,57.2,88,0,2.84
389,Mogocha,RU,2021-03-14 22:51:35,53.7333,119.7667,14.13,76,100,17.27
390,Pemangkat,ID,2021-03-14 22:51:35,1.1667,108.9667,76.26,90,100,5.68
391,Northport,US,2021-03-14 22:47:49,33.229,-87.5772,78.8,41,20,8.05
392,Bay Roberts,CA,2021-03-14 22:51:36,47.5999,-53.2648,28.0,90,100,5.41
393,Zhigalovo,RU,2021-03-14 22:51:36,54.8097,105.1578,-3.48,98,81,3.02
394,Nizhneudinsk,RU,2021-03-14 22:51:37,54.9076,99.0276,-1.7,84,44,3.47
395,Ahuimanu,US,2021-03-14 22:48:12,21.4447,-157.8378,78.8,57,40,4.61
396,Caninde,BR,2021-03-14 22:51:37,-4.3589,-39.3117,74.39,89,49,2.75
397,Arlit,NE,2021-03-14 22:51:38,18.7369,7.3853,76.55,15,17,8.61
398,Kasempa,ZM,2021-03-14 22:51:38,-13.4584,25.8338,61.99,98,27,4.23
399,Umarkot,PK,2021-03-14 22:51:39,25.3616,69.7362,72.93,30,25,7.56
400,Kholodnyy,RU,2021-03-14 22:51:39,62.7167,147.95,-12.71,88,44,0.72
401,Broken Hill,AU,2021-03-14 22:51:39,-31.95,141.4333,51.8,58,0,12.66
402,Sangamner,IN,2021-03-14 22:51:40,19.5667,74.2167,73.42,25,0,5.84
403,Bathsheba,BB,2021-03-14 22:51:40,13.2167,-59.5167,78.8,73,40,11.5
404,Naryan-Mar,RU,2021-03-14 22:51:41,67.6713,53.087,16.03,95,100,6.31
405,Batemans Bay,AU,2021-03-14 22:51:41,-35.7167,150.1833,57.99,71,0,4.0
406,Tilichiki,RU,2021-03-14 22:51:41,60.4667,166.1,-2.36,90,31,3.98
407,Hun,LY,2021-03-14 22:51:42,29.1268,15.9477,58.14,66,0,8.1
408,Vanimo,PG,2021-03-14 22:51:42,-2.6741,141.3028,80.42,83,97,3.27
409,Ribeira Brava,PT,2021-03-14 22:51:43,32.65,-17.0667,57.0,86,100,3.0
410,Ahipara,NZ,2021-03-14 22:47:37,-35.1667,173.1667,72.88,63,3,2.98
411,Derzhavinsk,KZ,2021-03-14 22:51:43,51.1,66.3167,-5.13,87,0,3.49
412,Tuatapere,NZ,2021-03-14 22:50:11,-46.1333,167.6833,59.2,94,100,10.4
413,Zheleznodorozhnyy,RU,2021-03-14 22:51:44,55.7503,38.0042,37.99,81,90,11.18
414,Broome,US,2021-03-14 22:48:39,42.2506,-75.833,28.99,54,90,17.27
415,Souillac,MU,2021-03-14 22:51:45,-20.5167,57.5167,77.0,94,75,9.6
416,Kidal,ML,2021-03-14 22:51:45,18.4411,1.4078,72.7,23,0,7.36
417,Port Blair,IN,2021-03-14 22:48:03,11.6667,92.75,78.93,76,52,6.51
418,Leninskoye,KZ,2021-03-14 22:51:46,41.7589,69.3864,28.4,80,53,4.61
419,Kandava,LV,2021-03-14 22:51:46,57.0409,22.7747,33.33,97,100,10.76
420,Americus,US,2021-03-14 22:51:47,32.0724,-84.2327,82.4,26,1,5.75
421,Kamaishi,JP,2021-03-14 22:51:47,39.2667,141.8833,46.4,61,75,6.91
422,Kingsgate,US,2021-03-14 22:51:47,47.727,-122.1796,48.0,96,100,1.01
423,Hailun,CN,2021-03-14 22:51:48,47.45,126.9333,38.16,78,100,24.99
424,Hobyo,SO,2021-03-14 22:51:48,5.3505,48.5268,79.74,82,94,17.29
425,Bridlington,GB,2021-03-14 22:51:49,54.0831,-0.1919,41.0,87,30,4.0
426,Ayan,RU,2021-03-14 22:51:49,56.45,138.1667,21.15,93,100,10.09
427,Carnarvon,AU,2021-03-14 22:51:50,-24.8667,113.6333,73.4,88,26,5.75
428,Cairns,AU,2021-03-14 22:51:50,-16.9167,145.7667,82.99,69,90,6.91
429,Kieta,PG,2021-03-14 22:51:51,-6.2167,155.6333,83.86,65,70,2.33
430,Balotra,IN,2021-03-14 22:51:51,25.8333,72.2333,73.15,29,61,6.04
431,Suluq,LY,2021-03-14 22:51:51,31.6682,20.2521,55.83,73,0,8.23
432,Singapore,SG,2021-03-14 22:48:55,1.2897,103.8501,78.8,89,75,5.75
433,Olafsvik,IS,2021-03-14 22:51:52,64.8945,-23.7142,35.51,68,81,12.55
434,Minna,NG,2021-03-14 22:51:52,9.6139,6.5569,81.9,36,97,4.59
435,Concordia,AR,2021-03-14 22:50:56,-31.393,-58.0209,82.4,36,0,5.75
436,Kudahuvadhoo,MV,2021-03-14 22:51:53,2.6708,72.8944,82.67,70,85,9.8
437,Coquimbo,CL,2021-03-14 22:47:25,-29.9533,-71.3436,64.4,68,0,10.36
438,San Patricio,US,2021-03-14 22:51:54,28.017,-97.5169,64.4,68,90,13.8
439,Tsabong,BW,2021-03-14 22:51:54,-26.0217,22.401,75.02,34,81,12.84
440,Chisinau,MD,2021-03-14 22:51:54,47.0056,28.8575,41.0,93,90,4.61
441,Namibe,AO,2021-03-14 22:48:29,-15.1961,12.1522,76.28,80,80,4.52
442,Portland,US,2021-03-14 22:51:09,45.5234,-122.6762,51.01,76,90,9.22
443,Egvekinot,RU,2021-03-14 22:51:55,66.3167,-179.1667,9.61,94,97,4.03
444,Yeppoon,AU,2021-03-14 22:51:56,-23.1333,150.7333,82.4,65,90,5.75
445,Moa,CU,2021-03-14 22:51:56,20.6569,-74.9403,74.86,80,2,11.79
446,Litovko,RU,2021-03-14 22:51:57,49.2361,135.1742,24.39,90,20,0.38
447,Kijang,KR,2021-03-14 22:51:57,35.2442,129.2139,42.8,87,15,4.61
448,Narsaq,GL,2021-03-14 22:51:57,60.9167,-46.05,37.4,44,75,29.93
449,Jieshi,CN,2021-03-14 22:51:58,22.8134,115.8257,68.0,75,31,12.19
450,Chara,RU,2021-03-14 22:51:58,56.9064,118.2631,-7.01,72,81,7.36
451,Bara,NG,2021-03-14 22:51:59,10.3744,10.7288,80.74,41,69,8.93
452,Padang,ID,2021-03-14 22:47:18,-0.9492,100.3543,73.4,100,40,2.3
453,Axim,GH,2021-03-14 22:51:59,4.8699,-2.2405,78.69,81,100,1.48
454,Pingzhuang,CN,2021-03-14 22:52:00,42.0372,119.2889,37.62,32,80,22.64
455,Hazorasp,UZ,2021-03-14 22:52:00,41.3194,61.0742,14.0,85,96,5.35
456,Junction City,US,2021-03-14 22:52:01,39.0286,-96.8314,57.0,93,90,14.97
457,Chadiza,ZM,2021-03-14 22:52:01,-14.0678,32.4392,63.05,98,76,2.46
458,Buala,SB,2021-03-14 22:52:01,-8.145,159.5921,84.51,62,75,4.5
459,Raahe,FI,2021-03-14 22:52:02,64.6833,24.4833,30.99,100,90,1.14
460,Bosaso,SO,2021-03-14 22:52:02,11.2842,49.1816,75.18,73,66,3.8
461,Loukhi,RU,2021-03-14 22:52:03,66.0764,33.0381,23.38,96,70,2.48
462,Paragould,US,2021-03-14 22:51:25,36.0584,-90.4973,64.4,77,1,13.8
463,Portel,BR,2021-03-14 22:48:30,-1.9356,-50.8211,76.26,90,79,3.89
464,Miraflores,MX,2021-03-14 22:52:04,19.2167,-98.8083,80.6,17,75,6.91
465,Pilar,BR,2021-03-14 22:52:04,-9.5972,-35.9567,78.8,69,0,10.36
466,Luderitz,NA,2021-03-14 22:52:04,-26.6481,15.1594,66.97,75,0,17.02
467,Petropavlovsk-Kamchatskiy,RU,2021-03-14 22:52:05,53.0452,158.6483,26.6,63,0,8.95
468,Palmer,US,2021-03-14 22:52:05,42.1584,-72.3287,33.8,25,40,26.46
469,Angoche,MZ,2021-03-14 22:52:06,-16.2325,39.9086,76.19,90,12,4.63
470,Kununurra,AU,2021-03-14 22:52:06,-15.7667,128.7333,75.2,100,75,9.22
471,Pangody,RU,2021-03-14 22:52:06,65.85,74.4859,6.22,91,98,6.44
472,Teahupoo,PF,2021-03-14 22:52:07,-17.8333,-149.2667,87.8,66,20,9.22
473,Totness,SR,2021-03-14 22:52:07,5.8833,-56.3167,77.34,86,99,11.72
474,Rostock,DE,2021-03-14 22:51:45,54.0887,12.1405,41.0,87,75,9.22
475,Indiana,US,2021-03-14 22:52:08,40.0003,-86.2503,54.0,43,1,8.05
476,Knysna,ZA,2021-03-14 22:52:08,-34.0363,23.0471,64.4,94,75,6.91
477,Soltsy,RU,2021-03-14 22:52:09,58.1239,30.3238,35.91,97,84,8.23
478,Ilinge,ZA,2021-03-14 22:52:09,-31.9768,27.0427,62.58,86,87,6.38
479,Houma,US,2021-03-14 22:50:57,29.5958,-90.7195,75.2,78,90,16.11
480,Calama,CL,2021-03-14 22:52:10,-22.4667,-68.9333,69.8,32,20,25.32
481,Port Lincoln,AU,2021-03-14 22:52:10,-34.7333,135.8667,61.99,74,38,6.31
482,Matara,LK,2021-03-14 22:52:11,5.9485,80.5353,74.75,86,100,8.88
483,Mehkar,IN,2021-03-14 22:52:11,20.1508,76.569,73.35,23,0,7.54
484,Pokhara,NP,2021-03-14 22:52:12,28.2333,83.9833,62.89,37,0,5.14
485,Olinda,BR,2021-03-14 22:52:12,-8.0089,-34.8553,78.8,69,40,12.66
486,Jiuquan,CN,2021-03-14 22:52:13,39.7432,98.5174,36.43,31,0,10.07
487,Puri,IN,2021-03-14 22:52:13,19.8,85.85,75.2,94,40,4.61
488,Palaikastron,GR,2021-03-14 22:52:14,35.2,26.25,60.01,76,100,9.69
489,Bela,IN,2021-03-14 22:52:14,25.9333,81.9833,67.35,31,0,3.53
490,Borba,BR,2021-03-14 22:52:14,-4.3878,-59.5939,78.15,81,98,2.04
491,Shelburne,CA,2021-03-14 22:52:15,44.0787,-80.2041,26.01,62,0,18.68
492,Vozdvizhenka,RU,2021-03-14 22:52:15,43.9,131.95,24.8,86,0,6.71
493,Dicabisagan,PH,2021-03-14 22:52:16,17.0818,122.4157,76.08,88,92,5.84
494,Zarubino,RU,2021-03-14 22:52:16,42.63,131.0922,38.44,76,0,7.18
495,Obo,CF,2021-03-14 22:52:16,5.3998,26.4869,70.72,78,100,5.77
496,Shenjiamen,CN,2021-03-14 22:52:17,29.9576,122.298,55.18,85,3,18.1
497,Cervo,ES,2021-03-14 22:52:17,43.6702,-7.4101,37.0,99,3,1.01
498,Lazaro Cardenas,MX,2021-03-14 22:52:18,17.9583,-102.2,80.2,65,0,7.49
499,Hawalli,KW,2021-03-14 22:52:18,29.2833,47.9972,63.0,54,0,3.44
500,Sasykoli,RU,2021-03-14 22:52:18,47.5515,46.9968,26.06,69,37,10.47
501,Husavik,IS,2021-03-14 22:52:19,66.0449,-17.3389,21.2,86,0,3.44
502,Senekal,ZA,2021-03-14 22:52:19,-28.3197,27.6208,60.42,39,0,11.72
503,Sisimiut,GL,2021-03-14 22:52:20,66.9395,-53.6735,8.2,82,97,9.64
504,Carutapera,BR,2021-03-14 22:52:20,-1.195,-46.02,76.73,89,74,4.94
505,Otradnoye,RU,2021-03-14 22:52:20,59.7775,30.8181,36.0,92,100,6.49
506,Kasongo-Lunda,CD,2021-03-14 22:52:21,-6.4667,16.8167,69.31,95,100,0.72
507,Tiznit,MA,2021-03-14 22:52:21,29.5833,-9.5,66.16,35,71,2.37
508,Sambalpur,IN,2021-03-14 22:52:22,21.45,83.9667,66.22,37,0,1.52
509,Hualmay,PE,2021-03-14 22:52:22,-11.0964,-77.6139,74.82,74,8,7.29
510,Dzhebariki-Khaya,RU,2021-03-14 22:52:22,62.2167,135.8,9.48,84,100,3.85
511,Acapulco,MX,2021-03-14 22:52:23,16.8634,-99.8901,84.2,65,1,5.75
512,Beibei,CN,2021-03-14 22:52:23,29.8256,106.4339,60.8,94,90,4.47
513,Gilgit,PK,2021-03-14 22:52:24,35.9221,74.3087,41.23,72,98,1.01
514,Huarmey,PE,2021-03-14 22:52:24,-10.0681,-78.1522,75.25,73,12,7.05
515,Port Keats,AU,2021-03-14 22:52:25,-14.25,129.55,82.2,77,68,3.11
516,Suclayin,PH,2021-03-14 22:52:25,15.7568,121.5503,73.56,92,94,2.04
517,Beyneu,KZ,2021-03-14 22:48:32,45.3167,55.2,28.85,42,100,8.43
518,Halifax,CA,2021-03-14 22:52:26,44.6453,-63.5724,28.4,46,100,8.05
519,Kangaatsiaq,GL,2021-03-14 22:52:26,68.3065,-53.4641,11.59,87,100,14.5
520,Constitucion,CL,2021-03-14 22:48:10,-35.3333,-72.4167,58.1,87,61,3.31
521,Hilton Head Island,US,2021-03-14 22:50:19,32.2163,-80.7526,68.0,73,1,7.14
522,Clemson,US,2021-03-14 22:48:41,34.6834,-82.8374,73.4,49,1,3.44
523,Svetlaya,RU,2021-03-14 22:52:27,46.5389,138.3297,37.31,71,0,2.24
524,Chapleau,CA,2021-03-14 22:52:28,47.8405,-83.4034,19.4,30,1,14.97
525,Hambantota,LK,2021-03-14 22:52:28,6.1241,81.1185,76.75,84,94,11.61
526,San Jeronimo,PE,2021-03-14 22:52:29,-11.9472,-75.2829,53.65,81,80,4.38
527,Chlorakas,CY,2021-03-14 22:52:29,34.8042,32.4083,57.2,82,40,3.44
528,Arganil,PT,2021-03-14 22:52:29,40.2183,-8.054,48.0,90,8,2.46
529,Taltal,CL,2021-03-14 22:50:20,-25.4,-70.4833,65.07,87,38,2.75
530,Palmeiras De Goias,BR,2021-03-14 22:52:30,-16.805,-49.9258,71.38,82,96,1.95
531,Jega,NG,2021-03-14 22:52:30,12.2175,4.3792,87.31,13,96,10.94
532,Marang,MY,2021-03-14 22:52:31,5.2056,103.2059,77.0,94,40,4.43
533,Tomatlan,MX,2021-03-14 22:52:31,19.9333,-105.25,86.56,34,0,7.9
534,Hay River,CA,2021-03-14 22:52:32,60.8156,-115.7999,6.8,72,100,13.8
535,Monrovia,LR,2021-03-14 22:47:38,6.3005,-10.7969,78.8,94,75,6.6
536,Lugovskoy,RU,2021-03-14 22:52:32,56.9585,64.529,8.6,72,0,11.18
537,Sabya,SA,2021-03-14 22:52:33,17.1495,42.6254,80.6,78,0,3.44
538,Palora,EC,2021-03-14 22:52:33,-1.7,-77.9333,66.2,94,75,6.91
539,Ust-Tsilma,RU,2021-03-14 22:47:36,65.441,52.1498,25.38,95,100,8.3
540,Mogadishu,SO,2021-03-14 22:52:34,2.0371,45.3438,79.72,83,100,10.16
541,Tripoli,LY,2021-03-14 22:52:34,32.8752,13.1875,58.41,64,0,5.55
542,Omboue,GA,2021-03-14 22:52:34,-1.5746,9.2618,77.72,90,100,3.65
543,Dosso,NE,2021-03-14 22:49:07,13.049,3.1937,80.19,22,18,6.98
544,Dongli,CN,2021-03-14 22:52:35,23.5656,116.8194,60.8,88,75,4.47
545,Chicama,PE,2021-03-14 22:52:36,-7.8447,-79.1469,73.4,83,0,6.91
546,Brewster,US,2021-03-14 22:52:36,41.3973,-73.6171,33.01,53,69,4.0
547,Conde,BR,2021-03-14 22:52:36,-7.2597,-34.9075,78.8,83,20,9.22
548,Luanda,AO,2021-03-14 22:52:37,-8.8368,13.2343,82.4,78,75,6.91
549,Turukhansk,RU,2021-03-14 22:52:37,65.8167,87.9833,7.34,96,100,7.38
550,Tual,ID,2021-03-14 22:52:38,-5.6667,132.75,83.53,70,92,5.23
551,Sinnamary,GF,2021-03-14 22:48:09,5.3833,-52.95,76.86,87,100,9.55
552,Chalus,IR,2021-03-14 22:52:38,36.655,51.4204,42.8,81,75,3.71
553,Qaqortoq,GL,2021-03-14 22:52:39,60.7167,-46.0333,37.4,44,75,29.93
554,Gat,IL,2021-03-14 22:52:39,31.61,34.7642,55.99,100,100,4.0
555,Micheweni,TZ,2021-03-14 22:52:39,-4.9667,39.8333,79.66,75,21,5.26
556,Ozinki,RU,2021-03-14 22:52:40,51.1786,49.6769,8.83,83,58,11.01
557,Gotsu,JP,2021-03-14 22:52:40,35.0,132.2167,50.7,75,0,4.34
558,Port Hardy,CA,2021-03-14 22:52:41,50.6996,-127.4199,41.0,60,40,16.11
559,Ciudad Bolivar,VE,2021-03-14 22:52:41,8.1222,-63.5497,84.76,59,64,14.45
560,Ponta Delgada,PT,2021-03-14 22:52:41,37.7333,-25.6667,60.8,100,75,10.36
561,Bonavista,CA,2021-03-14 22:52:42,48.6499,-53.1147,28.0,86,100,3.44
562,Ancud,CL,2021-03-14 22:52:42,-41.8697,-73.8203,66.2,63,0,5.75
563,Dunmore East,IE,2021-03-14 22:52:43,52.1514,-6.9861,50.0,82,100,7.0
564,Swan Hill,AU,2021-03-14 22:52:43,-35.3378,143.5544,60.89,45,11,9.75
565,Chapais,CA,2021-03-14 22:52:43,49.7834,-74.8492,-0.4,60,90,14.97
566,Tautira,PF,2021-03-14 22:52:44,-17.7333,-149.15,87.8,66,20,9.22
567,Dingle,PH,2021-03-14 22:52:44,10.9995,122.6711,77.32,88,61,1.92
568,Xinyu,CN,2021-03-14 22:52:45,27.8043,114.9334,60.85,92,1,2.3
569,Honiara,SB,2021-03-14 22:52:45,-9.4333,159.95,84.2,73,96,2.24
570,Alberton,CA,2021-03-14 22:52:45,46.8168,-64.0654,23.0,54,98,21.85
571,Samarai,PG,2021-03-14 22:52:46,-10.6167,150.6667,83.66,70,87,5.14
572,Luganville,VU,2021-03-14 22:52:47,-15.5333,167.1667,84.0,69,75,1.99
573,Pasni,PK,2021-03-14 22:52:47,25.2631,63.471,73.22,77,0,7.4
574,Juneau,US,2021-03-14 22:52:24,58.3019,-134.4197,28.0,43,20,6.91
575,Dongsheng,CN,2021-03-14 22:52:48,39.8161,109.9776,23.88,24,20,25.37
576,Mehamn,NO,2021-03-14 22:52:48,71.0357,27.8492,26.6,86,90,3.44
